"Theme 2 - 4 : Usually resident population aged one year and over by usual residence one year before Census Day, 2006";;;;;
"Geographic Area";"Same address";"Elsewhere in County";"Elsewhere in Ireland";"Outside Ireland";"Total"
"Dublin City and Suburbs  ";865194;71116;15090;38524;989924
"Dublin City 02  ";415199;38417;8385;23865;485866
"Dublin City 02/001";1339;50;6;16;1411
"Dublin City 02/002";970;46;1;0;1017
"Dublin City 02/003";932;46;1;3;982
"Dublin City 02/004";754;39;5;6;804
"Dublin City 02/005";739;40;1;13;793
"Dublin City 02/006";949;33;3;11;996
"Dublin City 02/007";953;36;3;9;1001
"Dublin City 02/008";1005;36;4;11;1056
"Dublin City 02/009";1044;42;6;15;1107
"Dublin City 02/010";890;40;8;10;948
"Dublin City 02/011";834;24;6;12;876
"Dublin City 02/012";879;33;3;20;935
"Dublin City 02/013";850;45;2;28;925
"Dublin City 02/014";930;47;3;22;1002
"Dublin City 02/015";1053;46;10;14;1123
"Dublin City 02/016";860;32;14;18;924
"Dublin City 02/017";1209;66;0;1;1276
"Dublin City 02/018";941;32;5;1;979
"Dublin City 02/019";891;99;1;1;992
"Dublin City 02/020";541;56;11;93;701
"Dublin City 02/021";1061;68;3;53;1185
"Dublin City 02/022";1113;128;2;11;1254
"Dublin City 02/023";1106;29;4;2;1141
"Dublin City 02/024";881;122;28;133;1164
"Dublin City 02/025";297;1;0;1;299
"Dublin City 02/026";801;33;11;18;863
"Dublin City 02/027";806;21;2;12;841
"Dublin City 02/028";793;66;10;34;903
"Dublin City 02/029";836;44;3;19;902
"Dublin City 02/030";843;88;13;32;976
"Dublin City 02/031";741;36;6;17;800
"Dublin City 02/032";894;43;8;16;961
"Dublin City 02/033";989;31;3;12;1035
"Dublin City 02/034";993;58;3;45;1099
"Dublin City 02/035";809;51;9;15;884
"Dublin City 02/036";830;60;13;26;929
"Dublin City 02/037";1099;77;7;18;1201
"Dublin City 02/038";851;34;3;5;893
"Dublin City 02/039";1059;26;4;6;1095
"Dublin City 02/040";933;29;3;2;967
"Dublin City 02/041";848;52;3;5;908
"Dublin City 02/042";1095;43;3;4;1145
"Dublin City 02/043";901;69;9;10;989
"Dublin City 02/044";872;28;0;6;906
"Dublin City 02/045";747;23;2;6;778
"Dublin City 02/046";898;26;4;3;931
"Dublin City 02/047";831;31;2;6;870
"Dublin City 02/048";894;37;2;4;937
"Dublin City 02/049";930;16;5;0;951
"Dublin City 02/050";1191;39;5;7;1242
"Dublin City 02/051";1235;23;1;4;1263
"Dublin City 02/052";1409;210;40;60;1719
"Dublin City 02/053";1499;56;5;5;1565
"Dublin City 02/054";892;41;1;0;934
"Dublin City 02/055";792;23;5;7;827
"Dublin City 02/056";869;19;0;7;895
"Dublin City 02/057";856;49;3;36;944
"Dublin City 02/058";765;45;5;11;826
"Dublin City 02/059";888;38;8;22;956
"Dublin City 02/060";919;36;7;23;985
"Dublin City 02/061";793;32;5;9;839
"Dublin City 02/062";791;45;4;13;853
"Dublin City 02/063";941;113;19;87;1160
"Dublin City 02/064";849;29;9;28;915
"Dublin City 02/065";824;32;11;40;907
"Dublin City 02/066";497;53;5;36;591
"Dublin City 02/067";723;39;14;16;792
"Dublin City 02/068";507;48;19;72;646
"Dublin City 02/069";313;33;4;24;374
"Dublin City 02/070";768;30;1;1;800
"Dublin City 02/071";411;48;7;23;489
"Dublin City 02/072";851;24;2;5;882
"Dublin City 02/073";929;20;0;12;961
"Dublin City 02/074";915;35;4;7;961
"Dublin City 02/075";548;79;16;54;697
"Dublin City 02/076";503;81;18;35;637
"Dublin City 02/077";635;108;21;71;835
"Dublin City 02/078";622;49;4;24;699
"Dublin City 02/079";796;45;19;36;896
"Dublin City 02/080";505;46;20;42;613
"Dublin City 02/081";912;52;8;23;995
"Dublin City 02/082";829;37;11;24;901
"Dublin City 02/083";835;26;0;13;874
"Dublin City 02/084";901;34;5;10;950
"Dublin City 02/085";890;23;6;6;925
"Dublin City 02/086";747;26;4;20;797
"Dublin City 02/087";957;40;3;34;1034
"Dublin City 02/088";659;45;6;8;718
"Dublin City 02/089";677;22;2;13;714
"Dublin City 02/090";711;28;11;18;768
"Dublin City 02/091";809;45;12;9;875
"Dublin City 02/092";798;63;2;6;869
"Dublin City 02/093";983;55;11;41;1090
"Dublin City 02/094";803;62;12;27;904
"Dublin City 02/095";996;49;4;15;1064
"Dublin City 02/096";790;36;7;10;843
"Dublin City 02/097";635;35;2;9;681
"Dublin City 02/098";634;24;0;14;672
"Dublin City 02/099";963;39;11;13;1026
"Dublin City 02/100";902;37;2;22;963
"Dublin City 02/101";867;34;7;17;925
"Dublin City 02/102";868;33;4;2;907
"Dublin City 02/103";789;29;3;21;842
"Dublin City 02/104";875;47;10;31;963
"Dublin City 02/105";858;38;6;11;913
"Dublin City 02/106";832;37;9;10;888
"Dublin City 02/107";689;65;16;33;803
"Dublin City 02/108, 02/560";1522;146;21;38;1727
"Dublin City 02/109";675;64;18;16;773
"Dublin City 02/110";746;40;4;13;803
"Dublin City 02/111";544;45;21;33;643
"Dublin City 02/112";657;60;30;35;782
"Dublin City 02/113";434;62;17;31;544
"Dublin City 02/114";395;28;16;30;469
"Dublin City 02/115";440;68;29;33;570
"Dublin City 02/116";512;50;34;22;618
"Dublin City 02/117";433;51;12;23;519
"Dublin City 02/118";540;41;11;15;607
"Dublin City 02/119";613;45;10;5;673
"Dublin City 02/120";660;57;16;16;749
"Dublin City 02/121";587;64;12;27;690
"Dublin City 02/122";805;56;7;6;874
"Dublin City 02/123";785;56;4;30;875
"Dublin City 02/124";734;45;3;9;791
"Dublin City 02/125";671;42;17;26;756
"Dublin City 02/126";1041;197;139;168;1545
"Dublin City 02/127";823;87;20;29;959
"Dublin City 02/128";433;62;4;27;526
"Dublin City 02/129";636;58;16;49;759
"Dublin City 02/130";464;42;18;28;552
"Dublin City 02/131";390;56;19;41;506
"Dublin City 02/132";373;56;15;30;474
"Dublin City 02/133";475;86;26;36;623
"Dublin City 02/134";448;50;19;33;550
"Dublin City 02/135";375;44;13;32;464
"Dublin City 02/136";298;51;9;39;397
"Dublin City 02/137";344;56;12;28;440
"Dublin City 02/138";302;58;31;36;427
"Dublin City 02/139";429;60;35;52;576
"Dublin City 02/140";277;66;24;34;401
"Dublin City 02/141";430;51;26;33;540
"Dublin City 02/142";701;49;13;24;787
"Dublin City 02/143";666;106;34;75;881
"Dublin City 02/144";521;55;14;61;651
"Dublin City 02/145";1031;131;11;61;1234
"Dublin City 02/146";577;60;23;51;711
"Dublin City 02/147";604;55;13;40;712
"Dublin City 02/148";429;47;11;35;522
"Dublin City 02/149";461;55;18;81;615
"Dublin City 02/150";805;67;12;51;935
"Dublin City 02/151";452;90;19;52;613
"Dublin City 02/152";286;62;22;47;417
"Dublin City 02/153";231;36;7;23;297
"Dublin City 02/154";420;62;20;22;524
"Dublin City 02/155";662;64;17;32;775
"Dublin City 02/156";442;83;19;33;577
"Dublin City 02/157";510;63;26;34;633
"Dublin City 02/158";482;71;23;39;615
"Dublin City 02/159";600;94;21;52;767
"Dublin City 02/160";547;130;28;43;748
"Dublin City 02/161";427;77;23;40;567
"Dublin City 02/162";435;40;10;20;505
"Dublin City 02/163";494;83;22;30;629
"Dublin City 02/164";299;55;10;36;400
"Dublin City 02/165";299;52;14;32;397
"Dublin City 02/166";411;80;8;30;529
"Dublin City 02/167";355;100;37;55;547
"Dublin City 02/168";405;47;16;31;499
"Dublin City 02/169";377;104;34;86;601
"Dublin City 02/170";434;63;21;38;556
"Dublin City 02/171";442;61;25;36;564
"Dublin City 02/172";363;71;21;40;495
"Dublin City 02/173";373;50;18;26;467
"Dublin City 02/174";492;58;16;17;583
"Dublin City 02/175";332;31;8;16;387
"Dublin City 02/176";329;36;11;28;404
"Dublin City 02/177";334;65;11;32;442
"Dublin City 02/178";491;65;15;31;602
"Dublin City 02/179";663;34;5;27;729
"Dublin City 02/180";627;57;16;32;732
"Dublin City 02/181";587;45;20;36;688
"Dublin City 02/182";483;76;19;36;614
"Dublin City 02/183";285;73;20;54;432
"Dublin City 02/184";236;40;13;16;305
"Dublin City 02/185";382;49;16;48;495
"Dublin City 02/186";430;70;12;31;543
"Dublin City 02/187";494;36;8;35;573
"Dublin City 02/188";313;34;3;9;359
"Dublin City 02/189";387;19;8;25;439
"Dublin City 02/190";501;108;35;37;681
"Dublin City 02/191";384;90;17;38;529
"Dublin City 02/192";416;61;16;50;543
"Dublin City 02/193";345;62;12;56;475
"Dublin City 02/194";383;110;25;51;569
"Dublin City 02/195";378;102;19;82;581
"Dublin City 02/196";243;93;30;51;417
"Dublin City 02/197";410;91;19;52;572
"Dublin City 02/198";556;87;33;48;724
"Dublin City 02/199";428;102;29;123;682
"Dublin City 02/200";382;116;35;73;606
"Dublin City 02/201";352;84;25;63;524
"Dublin City 02/202";369;77;28;40;514
"Dublin City 02/203";478;73;22;43;616
"Dublin City 02/204";427;77;17;36;557
"Dublin City 02/205";406;57;15;68;546
"Dublin City 02/206";501;71;41;52;665
"Dublin City 02/207";565;122;34;43;764
"Dublin City 02/208";767;62;11;24;864
"Dublin City 02/209";478;109;75;74;736
"Dublin City 02/210";767;64;29;55;915
"Dublin City 02/211";770;51;10;19;850
"Dublin City 02/212";808;47;4;12;871
"Dublin City 02/213";657;11;0;6;674
"Dublin City 02/214";343;74;27;25;469
"Dublin City 02/215";637;47;9;49;742
"Dublin City 02/216";422;75;26;82;605
"Dublin City 02/217";497;56;22;28;603
"Dublin City 02/218";1118;193;16;23;1350
"Dublin City 02/219";664;183;39;80;966
"Dublin City 02/220";639;103;12;99;853
"Dublin City 02/221";227;68;11;60;366
"Dublin City 02/222";636;56;8;23;723
"Dublin City 02/223";551;30;4;15;600
"Dublin City 02/224";408;71;11;56;546
"Dublin City 02/225";445;129;26;107;707
"Dublin City 02/226";767;35;2;9;813
"Dublin City 02/227";522;40;9;23;594
"Dublin City 02/228";648;16;1;3;668
"Dublin City 02/229";596;34;8;12;650
"Dublin City 02/231";464;73;12;37;586
"Dublin City 02/232";647;73;18;31;769
"Dublin City 02/233";457;42;8;27;534
"Dublin City 02/234";449;73;14;68;604
"Dublin City 02/235";434;46;11;45;536
"Dublin City 02/236";519;48;8;56;631
"Dublin City 02/237";376;70;15;49;510
"Dublin City 02/238";440;58;14;41;553
"Dublin City 02/239";493;128;97;134;852
"Dublin City 02/240";649;113;17;74;853
"Dublin City 02/241";625;70;9;34;738
"Dublin City 02/242";447;41;12;21;521
"Dublin City 02/243";491;47;5;29;572
"Dublin City 02/244";365;75;23;47;510
"Dublin City 02/245";593;108;13;83;797
"Dublin City 02/246";468;27;4;10;509
"Dublin City 02/247";303;57;10;29;399
"Dublin City 02/248";494;108;19;117;738
"Dublin City 02/249";297;79;13;117;506
"Dublin City 02/250";287;84;27;97;495
"Dublin City 02/251";382;77;10;45;514
"Dublin City 02/252";475;64;9;62;610
"Dublin City 02/253";479;35;7;45;566
"Dublin City 02/254";324;8;0;10;342
"Dublin City 02/255";641;112;20;61;834
"Dublin City 02/256";569;96;16;84;765
"Dublin City 02/257";806;14;0;1;821
"Dublin City 02/258";512;116;12;70;710
"Dublin City 02/259";221;198;3;6;428
"Dublin City 02/260";395;57;10;33;495
"Dublin City 02/261";505;85;13;75;678
"Dublin City 02/262";779;72;7;23;881
"Dublin City 02/263";621;73;28;54;776
"Dublin City 02/264";585;51;13;13;662
"Dublin City 02/265";601;36;4;21;662
"Dublin City 02/266";490;39;5;37;571
"Dublin City 02/267";576;57;9;25;667
"Dublin City 02/268";1080;20;3;19;1122
"Dublin City 02/269";744;35;9;11;799
"Dublin City 02/270";670;41;6;15;732
"Dublin City 02/271";651;76;22;60;809
"Dublin City 02/272";576;80;24;39;719
"Dublin City 02/273";694;39;11;24;768
"Dublin City 02/274";559;85;23;42;709
"Dublin City 02/275";480;93;25;75;673
"Dublin City 02/276";259;41;13;23;336
"Dublin City 02/277";229;50;8;49;336
"Dublin City 02/278";481;51;10;33;575
"Dublin City 02/279";449;37;8;29;523
"Dublin City 02/280";301;40;13;60;414
"Dublin City 02/281";615;73;24;47;759
"Dublin City 02/282";228;54;7;30;319
"Dublin City 02/283";247;72;20;78;417
"Dublin City 02/284";527;91;15;45;678
"Dublin City 02/285";347;66;23;55;491
"Dublin City 02/286, 02/611";1096;286;61;157;1600
"Dublin City 02/287";316;93;38;71;518
"Dublin City 02/288";409;63;22;46;540
"Dublin City 02/289";764;71;8;17;860
"Dublin City 02/290";578;74;11;66;729
"Dublin City 02/291";261;84;23;79;447
"Dublin City 02/292";558;35;4;22;619
"Dublin City 02/293";454;15;1;4;474
"Dublin City 02/294";442;182;33;76;733
"Dublin City 02/295";710;70;18;26;824
"Dublin City 02/296";138;46;15;64;263
"Dublin City 02/297";474;69;14;123;680
"Dublin City 02/298";600;59;13;42;714
"Dublin City 02/299";392;91;27;51;561
"Dublin City 02/300";303;76;21;94;494
"Dublin City 02/301";450;83;27;64;624
"Dublin City 02/302";486;25;7;8;526
"Dublin City 02/303";438;12;5;52;507
"Dublin City 02/304";741;132;23;46;942
"Dublin City 02/305";530;34;4;12;580
"Dublin City 02/306";702;23;5;21;751
"Dublin City 02/307";519;73;31;120;743
"Dublin City 02/308";629;87;20;52;788
"Dublin City 02/309";641;20;5;8;674
"Dublin City 02/310";396;48;10;37;491
"Dublin City 02/311";358;72;9;33;472
"Dublin City 02/312";440;62;12;43;557
"Dublin City 02/313";619;78;21;32;750
"Dublin City 02/314";941;30;2;9;982
"Dublin City 02/315";438;40;16;59;553
"Dublin City 02/316";573;32;8;34;647
"Dublin City 02/317";403;53;9;30;495
"Dublin City 02/318";436;79;13;38;566
"Dublin City 02/319";474;62;18;29;583
"Dublin City 02/320";417;66;10;34;527
"Dublin City 02/321";419;97;34;29;579
"Dublin City 02/322";464;39;12;20;535
"Dublin City 02/323";443;164;48;131;786
"Dublin City 02/324";335;113;28;78;554
"Dublin City 02/325";384;64;15;51;514
"Dublin City 02/326";568;17;3;15;603
"Dublin City 02/327";560;66;12;56;694
"Dublin City 02/328";484;95;9;99;687
"Dublin City 02/329";311;9;3;10;333
"Dublin City 02/330";657;74;20;69;820
"Dublin City 02/331";565;75;8;91;739
"Dublin City 02/332";389;62;5;55;511
"Dublin City 02/333";483;53;17;50;603
"Dublin City 02/334";547;93;21;80;741
"Dublin City 02/335";500;70;32;109;711
"Dublin City 02/336";476;71;16;64;627
"Dublin City 02/337";527;80;13;76;696
"Dublin City 02/338";444;64;11;57;576
"Dublin City 02/339";624;62;10;43;739
"Dublin City 02/340";879;75;33;22;1009
"Dublin City 02/341";795;77;24;33;929
"Dublin City 02/342";829;27;6;24;886
"Dublin City 02/343";747;35;4;10;796
"Dublin City 02/344";836;64;3;8;911
"Dublin City 02/345";893;32;5;11;941
"Dublin City 02/346";713;39;4;18;774
"Dublin City 02/347";775;50;9;45;879
"Dublin City 02/348";802;21;9;29;861
"Dublin City 02/349";772;21;4;29;826
"Dublin City 02/350";836;38;4;14;892
"Dublin City 02/351";679;34;7;14;734
"Dublin City 02/352";735;49;4;20;808
"Dublin City 02/353";653;45;8;15;721
"Dublin City 02/354";855;60;16;28;959
"Dublin City 02/355";1110;56;7;26;1199
"Dublin City 02/356";1050;38;6;29;1123
"Dublin City 02/357";1129;79;19;27;1254
"Dublin City 02/358";790;19;5;9;823
"Dublin City 02/359";944;39;11;16;1010
"Dublin City 02/360";875;28;8;11;922
"Dublin City 02/361";615;73;23;46;757
"Dublin City 02/362";527;44;7;27;605
"Dublin City 02/363";732;81;9;42;864
"Dublin City 02/364";688;66;20;28;802
"Dublin City 02/365";715;61;10;22;808
"Dublin City 02/366";626;121;71;29;847
"Dublin City 02/367";641;48;6;21;716
"Dublin City 02/368";461;87;10;33;591
"Dublin City 02/369";650;124;46;70;890
"Dublin City 02/370";760;51;11;23;845
"Dublin City 02/371";679;48;18;25;770
"Dublin City 02/372";683;43;12;31;769
"Dublin City 02/373";527;69;15;46;657
"Dublin City 02/374";454;73;16;52;595
"Dublin City 02/375";1304;131;50;105;1590
"Dublin City 02/376";1196;126;22;86;1430
"Dublin City 02/377";608;102;14;144;868
"Dublin City 02/378";331;83;15;77;506
"Dublin City 02/379";294;51;10;48;403
"Dublin City 02/380";420;101;17;105;643
"Dublin City 02/381";265;41;6;65;377
"Dublin City 02/382";625;40;4;40;709
"Dublin City 02/383, 02/620";874;153;31;217;1275
"Dublin City 02/384";474;83;8;83;648
"Dublin City 02/385";559;105;22;179;865
"Dublin City 02/386";465;56;8;57;586
"Dublin City 02/387";389;38;5;61;493
"Dublin City 02/388";457;37;3;60;557
"Dublin City 02/389";442;45;5;65;557
"Dublin City 02/390";667;104;11;95;877
"Dublin City 02/391";500;171;42;164;877
"Dublin City 02/392";372;41;2;37;452
"Dublin City 02/393";734;88;17;70;909
"Dublin City 02/394";519;81;31;105;736
"Dublin City 02/395";537;89;27;142;795
"Dublin City 02/396";973;16;1;13;1003
"Dublin City 02/397";448;92;36;66;642
"Dublin City 02/398";634;36;7;13;690
"Dublin City 02/399";623;62;30;62;777
"Dublin City 02/400";732;99;27;40;898
"Dublin City 02/401";499;61;14;24;598
"Dublin City 02/402";618;47;8;16;689
"Dublin City 02/403";720;80;42;47;889
"Dublin City 02/404";685;63;23;50;821
"Dublin City 02/405";652;36;1;17;706
"Dublin City 02/406";757;67;6;19;849
"Dublin City 02/407";994;76;29;54;1153
"Dublin City 02/408";703;212;136;108;1159
"Dublin City 02/409";767;69;13;26;875
"Dublin City 02/410";829;43;16;49;937
"Dublin City 02/411";935;188;60;74;1257
"Dublin City 02/412";779;30;11;15;835
"Dublin City 02/413";714;20;3;3;740
"Dublin City 02/414";767;36;6;22;831
"Dublin City 02/415";1167;18;3;10;1198
"Dublin City 02/416";840;17;0;0;857
"Dublin City 02/417";958;129;38;61;1186
"Dublin City 02/418";975;16;2;4;997
"Dublin City 02/419";966;43;11;34;1054
"Dublin City 02/420";812;36;10;29;887
"Dublin City 02/421";777;30;6;26;839
"Dublin City 02/422";824;58;12;38;932
"Dublin City 02/423";933;39;1;12;985
"Dublin City 02/424";834;42;9;23;908
"Dublin City 02/425";933;26;10;23;992
"Dublin City 02/426";864;22;1;17;904
"Dublin City 02/427";1129;69;4;11;1213
"Dublin City 02/428";978;20;9;5;1012
"Dublin City 02/429";941;25;9;13;988
"Dublin City 02/430";1332;49;4;7;1392
"Dublin City 02/431";1396;35;2;3;1436
"Dublin City 02/432";1050;25;1;2;1078
"Dublin City 02/433";904;23;0;2;929
"Dublin City 02/434";819;21;1;0;841
"Dublin City 02/435";1044;82;9;29;1164
"Dublin City 02/436";1072;29;3;9;1113
"Dublin City 02/437";890;27;0;4;921
"Dublin City 02/438";920;25;2;12;959
"Dublin City 02/439";914;27;0;2;943
"Dublin City 02/440";872;35;2;14;923
"Dublin City 02/441";861;19;2;11;893
"Dublin City 02/442";1137;33;9;15;1194
"Dublin City 02/443";963;50;6;19;1038
"Dublin City 02/444";850;24;10;20;904
"Dublin City 02/445";786;40;1;10;837
"Dublin City 02/446";871;51;10;24;956
"Dublin City 02/447";1124;112;14;51;1301
"Dublin City 02/448";895;35;11;26;967
"Dublin City 02/449";773;21;7;23;824
"Dublin City 02/450";892;64;11;34;1001
"Dublin City 02/451";927;75;22;60;1084
"Dublin City 02/452";829;22;10;27;888
"Dublin City 02/453";1096;39;16;20;1171
"Dublin City 02/454";1098;49;13;10;1170
"Dublin City 02/455";821;26;4;10;861
"Dublin City 02/456";751;56;9;52;868
"Dublin City 02/457";793;35;18;21;867
"Dublin City 02/458";790;35;7;21;853
"Dublin City 02/459";803;36;5;19;863
"Dublin City 02/460";714;42;1;26;783
"Dublin City 02/461";572;41;11;16;640
"Dublin City 02/462";749;42;11;18;820
"Dublin City 02/463";687;67;17;33;804
"Dublin City 02/464";601;33;7;21;662
"Dublin City 02/465";549;65;9;65;688
"Dublin City 02/466";389;80;30;89;588
"Dublin City 02/467";673;40;6;31;750
"Dublin City 02/468";466;90;14;35;605
"Dublin City 02/469";563;100;37;70;770
"Dublin City 02/470";675;60;7;31;773
"Dublin City 02/471";397;115;17;65;594
"Dublin City 02/472";672;34;2;14;722
"Dublin City 02/473";709;68;4;17;798
"Dublin City 02/474";777;34;10;20;841
"Dublin City 02/475";896;45;17;37;995
"Dublin City 02/476";655;61;16;27;759
"Dublin City 02/477";711;25;6;8;750
"Dublin City 02/478";764;65;8;19;856
"Dublin City 02/479";845;29;6;12;892
"Dublin City 02/480";838;30;8;24;900
"Dublin City 02/481";939;29;6;12;986
"Dublin City 02/482";766;47;4;15;832
"Dublin City 02/483";830;46;2;9;887
"Dublin City 02/484";833;30;5;7;875
"Dublin City 02/485";808;23;6;13;850
"Dublin City 02/486";955;22;11;12;1000
"Dublin City 02/487";818;33;5;10;866
"Dublin City 02/488";839;18;2;21;880
"Dublin City 02/489";815;18;0;12;845
"Dublin City 02/490";822;43;8;16;889
"Dublin City 02/491";830;59;15;22;926
"Dublin City 02/492";1077;56;9;11;1153
"Dublin City 02/493";1121;40;3;27;1191
"Dublin City 02/494";1039;26;3;13;1081
"Dublin City 02/495";919;37;3;16;975
"Dublin City 02/496";1003;36;16;12;1067
"Dublin City 02/497";497;214;25;68;804
"Dublin City 02/498";981;27;0;8;1016
"Dublin City 02/499";1002;38;2;10;1052
"Dublin City 02/500";1073;26;4;6;1109
"Dublin City 02/501";982;29;7;13;1031
"Dublin City 02/502";1037;30;4;12;1083
"Dublin City 02/503";929;23;8;22;982
"Dublin City 02/504";1144;55;6;17;1222
"Dublin City 02/505";975;19;4;23;1021
"Dublin City 02/506";918;35;8;15;976
"Dublin City 02/507";959;16;5;21;1001
"Dublin City 02/508";1003;44;1;9;1057
"Dublin City 02/509";1094;25;2;6;1127
"Dublin City 02/510";1023;46;20;28;1117
"Dublin City 02/511";1145;41;5;10;1201
"Dublin City 02/512";1052;24;2;18;1096
"Dublin City 02/513";882;34;3;10;929
"Dublin City 02/514";835;44;5;19;903
"Dublin City 02/515";748;35;1;20;804
"Dublin City 02/516";572;28;4;10;614
"Dublin City 02/517";725;33;7;10;775
"Dublin City 02/518";788;19;3;13;823
"Dublin City 02/519";768;32;3;13;816
"Dublin City 02/520";724;23;2;7;756
"Dublin City 02/521";746;26;4;13;789
"Dublin City 02/522";718;63;14;22;817
"Dublin City 02/523";803;81;7;28;919
"Dublin City 02/524";762;76;5;22;865
"Dublin City 02/525";714;67;15;27;823
"Dublin City 02/526";886;76;8;37;1007
"Dublin City 02/527";725;52;8;35;820
"Dublin City 02/528";1023;55;8;13;1099
"Dublin City 02/529";712;56;5;31;804
"Dublin City 02/530";747;40;10;28;825
"Dublin City 02/531";686;44;8;38;776
"Dublin City 02/532";629;52;4;22;707
"Dublin City 02/533";1012;38;7;28;1085
"Dublin City 02/534";755;55;14;29;853
"Dublin City 02/535";623;104;19;57;803
"Dublin City 02/536";640;24;8;14;686
"Dublin City 02/537";633;51;10;17;711
"Dublin City 02/538";702;60;9;53;824
"Dublin City 02/539";441;42;9;31;523
"Dublin City 02/540";882;15;1;11;909
"Dublin City 02/541";831;16;17;3;867
"Dublin City 02/542";534;117;27;110;788
"Dublin City 02/543";519;44;10;19;592
"Dublin City 02/544";452;68;21;36;577
"Dublin City 02/545";688;68;9;52;817
"Dublin City 02/546";448;43;14;23;528
"Dublin City 02/547";413;27;5;10;455
"Dublin City 02/548";502;88;4;50;644
"Dublin City 02/549";346;46;0;1;393
"Dublin City 02/550";600;50;9;28;687
"Dublin City 02/551";317;44;7;57;425
"Dublin City 02/552";510;61;15;57;643
"Dublin City 02/553";231;85;31;76;423
"Dublin City 02/554";292;83;27;84;486
"Dublin City 02/555";485;68;28;49;630
"Dublin City 02/556";458;27;3;29;517
"Dublin City 02/557";832;38;6;20;896
"Dublin City 02/558";971;30;10;10;1021
"Dublin City 02/559";523;38;10;34;605
"Dublin City 02/561";446;70;25;41;582
"Dublin City 02/562";275;66;16;119;476
"Dublin City 02/563";602;81;37;128;848
"Dublin City 02/564";478;87;10;76;651
"Dublin City 02/565";543;115;13;107;778
"Dublin City 02/566";367;59;7;47;480
"Dublin City 02/567";604;103;20;76;803
"Dublin City 02/568";282;64;16;33;395
"Dublin City 02/569";680;82;19;84;865
"Dublin City 02/570";369;116;26;65;576
"Dublin City 02/571";304;81;14;55;454
"Dublin City 02/572";929;26;2;20;977
"Dublin City 02/573";713;57;7;16;793
"Dublin City 02/574";493;98;24;145;760
"Dublin City 02/575";649;77;18;89;833
"Dublin City 02/576";425;149;29;156;759
"Dublin City 02/577";445;76;13;90;624
"Dublin City 02/578";662;45;19;16;742
"Dublin City 02/579";897;137;14;47;1095
"Dublin City 02/580";335;54;22;64;475
"Dublin City 02/581";568;159;21;158;906
"Dublin City 02/582";440;75;5;47;567
"Dublin City 02/583";188;43;11;90;332
"Dublin City 02/584";675;119;28;75;897
"Dublin City 02/585";745;88;20;32;885
"Dublin City 02/586";572;39;11;26;648
"Dublin City 02/587";755;37;2;16;810
"Dublin City 02/588";571;71;12;10;664
"Dublin City 02/589";658;87;8;51;804
"Dublin City 02/590";385;46;10;36;477
"Dublin City 02/591, 02/230";629;120;23;154;926
"Dublin City 02/592";929;54;2;22;1007
"Dublin City 02/593";984;38;2;22;1046
"Dublin City 02/594";425;103;22;49;599
"Dublin City 02/595";683;149;46;143;1021
"Dublin City 02/596";908;115;21;51;1095
"Dublin City 02/597";373;21;5;35;434
"Dublin City 02/598";155;42;13;45;255
"Dublin City 02/599";163;44;12;10;229
"Dublin City 02/600";1353;88;12;22;1475
"Dublin City 02/601";322;60;12;26;420
"Dublin City 02/602";528;60;10;47;645
"Dublin City 02/603";598;74;28;55;755
"Dublin City 02/604";355;74;15;60;504
"Dublin City 02/605";222;99;5;8;334
"Dublin City 02/606";538;55;3;28;624
"Dublin City 02/607";43;78;15;30;166
"Dublin City 02/608";33;77;10;20;140
"Dublin City 02/609";386;49;14;33;482
"Dublin City 02/610";331;90;20;62;503
"Dublin City 02/612";516;83;13;26;638
"Dublin City 02/613";513;47;15;42;617
"Dublin City 02/614";258;122;6;6;392
"Dublin City 02/615";387;89;30;122;628
"Dublin City 02/616";387;31;4;8;430
"Dublin City 02/617";310;34;6;25;375
"Dublin City 02/618";386;63;7;43;499
"Dublin City 02/619";190;104;12;134;440
"Dublin City 02/621";634;30;6;16;686
"Dublin City 02/622";473;91;14;212;790
"Dublin City 02/623";486;24;3;27;540
"Dublin City 02/624";492;79;24;54;649
"Dublin City 02/625";421;127;14;33;595
"Dublin City 02/626";481;94;4;27;606
"Dublin City 02/627";984;140;10;96;1230
"Dublin City 02/628";896;94;43;27;1060
"Dublin City 02/629";272;396;29;93;790
"Dublin City 02/630";779;30;1;8;818
"Dublin City 02/631";539;107;42;142;830
"Dublin City 02/632";703;43;6;20;772
"Dublin City 02/633";219;124;25;52;420
"Dublin City 02/634";211;195;47;126;579
"Dublin City 02/635";317;160;28;121;626
"South Dublin 03 ";198101;12546;2362;5238;218247
"South Dublin 03/001";808;58;6;45;917
"South Dublin 03/002";896;42;11;19;968
"South Dublin 03/003";609;62;11;37;719
"South Dublin 03/004";857;70;10;17;954
"South Dublin 03/005";827;44;6;6;883
"South Dublin 03/006";860;78;24;29;991
"South Dublin 03/007";855;40;1;17;913
"South Dublin 03/008";755;38;6;6;805
"South Dublin 03/009";672;29;7;7;715
"South Dublin 03/010";918;13;4;9;944
"South Dublin 03/011";1043;41;6;13;1103
"South Dublin 03/012";905;59;15;31;1010
"South Dublin 03/013";721;70;11;15;817
"South Dublin 03/014";917;27;4;22;970
"South Dublin 03/015";702;72;13;23;810
"South Dublin 03/016";1069;33;9;22;1133
"South Dublin 03/017";865;47;13;17;942
"South Dublin 03/018";939;44;4;18;1005
"South Dublin 03/019";842;64;5;23;934
"South Dublin 03/020";1002;32;10;15;1059
"South Dublin 03/021";1013;38;12;22;1085
"South Dublin 03/022";858;37;7;15;917
"South Dublin 03/023";994;47;8;13;1062
"South Dublin 03/024";1033;25;13;35;1106
"South Dublin 03/025";1123;22;9;29;1183
"South Dublin 03/026";1041;24;12;21;1098
"South Dublin 03/027";866;35;1;9;911
"South Dublin 03/028";709;41;6;10;766
"South Dublin 03/029";797;56;23;43;919
"South Dublin 03/030";623;56;20;21;720
"South Dublin 03/031";922;41;5;10;978
"South Dublin 03/032";876;60;1;9;946
"South Dublin 03/033";878;28;4;10;920
"South Dublin 03/034";642;48;4;27;721
"South Dublin 03/035";859;30;5;7;901
"South Dublin 03/036";805;25;1;6;837
"South Dublin 03/037";797;21;4;10;832
"South Dublin 03/038";804;27;4;6;841
"South Dublin 03/039";860;23;4;22;909
"South Dublin 03/040";932;34;1;19;986
"South Dublin 03/041";722;32;4;6;764
"South Dublin 03/042";894;35;7;13;949
"South Dublin 03/043";1030;28;7;9;1074
"South Dublin 03/044";947;18;2;11;978
"South Dublin 03/045";1049;29;4;21;1103
"South Dublin 03/046";1117;32;5;10;1164
"South Dublin 03/047";1063;39;11;5;1118
"South Dublin 03/048";988;33;1;15;1037
"South Dublin 03/049";887;54;10;29;980
"South Dublin 03/051, 03/050";1916;91;17;26;2050
"South Dublin 03/052";1116;24;5;15;1160
"South Dublin 03/053";992;44;0;15;1051
"South Dublin 03/054";915;52;10;33;1010
"South Dublin 03/055";999;47;5;17;1068
"South Dublin 03/056";958;58;3;8;1027
"South Dublin 03/057";1097;21;5;19;1142
"South Dublin 03/058";1101;41;7;20;1169
"South Dublin 03/059";898;27;8;32;965
"South Dublin 03/060";1165;32;2;23;1222
"South Dublin 03/061";962;24;13;28;1027
"South Dublin 03/062";982;137;17;60;1196
"South Dublin 03/063";898;44;4;32;978
"South Dublin 03/064";939;55;8;66;1068
"South Dublin 03/065";902;49;3;44;998
"South Dublin 03/066";991;32;14;49;1086
"South Dublin 03/067";1031;50;8;47;1136
"South Dublin 03/068";1389;63;11;1;1464
"South Dublin 03/069";1201;40;2;0;1243
"South Dublin 03/070";1170;67;6;15;1258
"South Dublin 03/072";1179;65;11;54;1309
"South Dublin 03/074";1144;58;5;23;1230
"South Dublin 03/075";1175;62;6;62;1305
"South Dublin 03/076";1045;187;51;120;1403
"South Dublin 03/077";1202;52;4;59;1317
"South Dublin 03/078";996;56;12;75;1139
"South Dublin 03/079";856;29;2;24;911
"South Dublin 03/080";1083;141;12;48;1284
"South Dublin 03/081";330;124;26;77;557
"South Dublin 03/082";961;40;8;20;1029
"South Dublin 03/083";854;34;14;23;925
"South Dublin 03/084";1024;74;12;42;1152
"South Dublin 03/085";920;53;9;47;1029
"South Dublin 03/086";1093;69;14;59;1235
"South Dublin 03/087";956;51;4;41;1052
"South Dublin 03/088";781;62;18;23;884
"South Dublin 03/089";970;56;5;54;1085
"South Dublin 03/091";1057;38;3;7;1105
"South Dublin 03/092";1084;58;13;2;1157
"South Dublin 03/093";917;140;28;56;1141
"South Dublin 03/094";988;52;2;18;1060
"South Dublin 03/095";1038;56;7;23;1124
"South Dublin 03/096";1153;39;4;15;1211
"South Dublin 03/097";826;53;14;37;930
"South Dublin 03/099";1156;38;3;3;1200
"South Dublin 03/100";1085;113;11;15;1224
"South Dublin 03/101";1091;35;2;13;1141
"South Dublin 03/102";1061;60;3;6;1130
"South Dublin 03/103";1077;63;4;19;1163
"South Dublin 03/104";996;50;6;18;1070
"South Dublin 03/105";920;25;4;8;957
"South Dublin 03/106";999;25;7;6;1037
"South Dublin 03/107";1002;34;8;15;1059
"South Dublin 03/108";1282;43;0;5;1330
"South Dublin 03/109";1330;72;14;34;1450
"South Dublin 03/110";1004;34;9;12;1059
"South Dublin 03/111";1185;26;18;21;1250
"South Dublin 03/112";1243;52;11;24;1330
"South Dublin 03/113";1021;48;10;22;1101
"South Dublin 03/114";1017;41;4;12;1074
"South Dublin 03/115";915;48;14;16;993
"South Dublin 03/116";814;19;6;13;852
"South Dublin 03/117";743;25;7;13;788
"South Dublin 03/118";964;123;19;15;1121
"South Dublin 03/119";973;82;27;37;1119
"South Dublin 03/120";1091;44;21;21;1177
"South Dublin 03/121";930;92;22;45;1089
"South Dublin 03/122";1026;74;17;23;1140
"South Dublin 03/123";999;88;22;34;1143
"South Dublin 03/124";1013;52;14;38;1117
"South Dublin 03/125";913;52;12;19;996
"South Dublin 03/126";1139;36;12;17;1204
"South Dublin 03/127";1027;51;14;14;1106
"South Dublin 03/128";667;53;12;18;750
"South Dublin 03/129";998;64;15;12;1089
"South Dublin 03/130";792;78;32;53;955
"South Dublin 03/131";988;40;13;18;1059
"South Dublin 03/132";944;35;3;24;1006
"South Dublin 03/133";979;34;21;23;1057
"South Dublin 03/134";907;56;19;27;1009
"South Dublin 03/141";1162;79;10;27;1278
"South Dublin 03/142";541;248;13;5;807
"South Dublin 03/143";1146;132;30;41;1349
"South Dublin 03/144";910;59;24;38;1031
"South Dublin 03/145";920;11;3;2;936
"South Dublin 03/146";996;45;12;14;1067
"South Dublin 03/148";1096;20;0;3;1119
"South Dublin 03/149";933;48;2;12;995
"South Dublin 03/150";983;24;4;5;1016
"South Dublin 03/151";1116;27;2;9;1154
"South Dublin 03/152";1101;38;5;8;1152
"South Dublin 03/153";1193;45;10;16;1264
"South Dublin 03/154";1143;41;17;7;1208
"South Dublin 03/155";1069;38;2;25;1134
"South Dublin 03/156";965;24;7;20;1016
"South Dublin 03/157";930;41;5;5;981
"South Dublin 03/158";1107;37;13;26;1183
"South Dublin 03/159";1073;46;12;26;1157
"South Dublin 03/160";924;20;4;25;973
"South Dublin 03/161";985;15;11;9;1020
"South Dublin 03/162";870;38;4;4;916
"South Dublin 03/163";940;30;2;10;982
"South Dublin 03/164";1174;77;7;25;1283
"South Dublin 03/165";1023;57;11;16;1107
"South Dublin 03/166";1140;37;11;13;1201
"South Dublin 03/167";1299;51;8;12;1370
"South Dublin 03/168";1077;67;10;44;1198
"South Dublin 03/169";935;67;3;30;1035
"South Dublin 03/170";1321;139;3;24;1487
"South Dublin 03/171";1375;24;6;12;1417
"South Dublin 03/173";1057;26;7;8;1098
"South Dublin 03/174";874;47;9;12;942
"South Dublin 03/175";1120;37;9;19;1185
"South Dublin 03/177";1058;70;6;9;1143
"South Dublin 03/179";1008;22;6;8;1044
"South Dublin 03/180";1217;50;16;18;1301
"South Dublin 03/181";696;26;9;22;753
"South Dublin 03/182";1133;64;7;16;1220
"South Dublin 03/184";984;142;26;23;1175
"South Dublin 03/185";1246;191;26;57;1520
"South Dublin 03/186";747;46;14;52;859
"South Dublin 03/187";797;37;3;19;856
"South Dublin 03/188";1030;41;7;44;1122
"South Dublin 03/190";997;71;15;24;1107
"South Dublin 03/191";914;71;21;46;1052
"South Dublin 03/192";1303;100;32;58;1493
"South Dublin 03/193";999;81;37;28;1145
"South Dublin 03/194";792;83;22;38;935
"South Dublin 03/195";945;98;28;40;1111
"South Dublin 03/196";914;150;36;48;1148
"South Dublin 03/197";1027;113;38;36;1214
"South Dublin 03/198";977;138;45;55;1215
"South Dublin 03/199";1173;27;10;2;1212
"South Dublin 03/200";1011;51;7;13;1082
"South Dublin 03/201";901;95;1;3;1000
"South Dublin 03/202";786;81;2;11;880
"South Dublin 03/203";942;80;15;17;1054
"South Dublin 03/204";1125;49;10;19;1203
"South Dublin 03/205";1042;98;18;46;1204
"South Dublin 03/206";1151;116;27;34;1328
"South Dublin 03/207";1268;191;35;70;1564
"South Dublin 03/209";1182;106;49;59;1396
"South Dublin 03/210";450;90;22;67;629
"South Dublin 03/211";712;204;35;216;1167
"South Dublin 03/212";976;40;5;15;1036
"South Dublin 03/213";823;41;6;9;879
"South Dublin 03/214";702;81;13;89;885
"South Dublin 03/216";275;35;10;18;338
"South Dublin 03/218";1090;85;22;44;1241
"South Dublin 03/221";644;132;7;31;814
"South Dublin 03/222";502;208;38;22;770
"South Dublin 03/223";1069;209;30;28;1336
"South Dublin 03/224";711;286;26;36;1059
"South Dublin 03/225";331;209;18;20;578
"South Dublin 03/227";480;77;33;27;617
"South Dublin 03/228";737;93;14;23;867
"Fingal 04 ";93667;7985;1586;4033;107271
"Fingal 04/069";688;40;16;39;783
"Fingal 04/070";804;50;8;26;888
"Fingal 04/072";974;24;0;15;1013
"Fingal 04/073";880;30;2;12;924
"Fingal 04/074";833;24;4;12;873
"Fingal 04/075";986;26;7;11;1030
"Fingal 04/076";1008;33;1;17;1059
"Fingal 04/077";971;46;1;19;1037
"Fingal 04/078";767;54;9;36;866
"Fingal 04/079";854;44;5;38;941
"Fingal 04/080";932;46;7;16;1001
"Fingal 04/081";691;106;12;22;831
"Fingal 04/082";901;56;10;18;985
"Fingal 04/083";855;29;6;29;919
"Fingal 04/084";845;49;8;22;924
"Fingal 04/085";941;42;4;24;1011
"Fingal 04/086";1038;70;4;36;1148
"Fingal 04/087";993;31;0;23;1047
"Fingal 04/088";1049;43;1;20;1113
"Fingal 04/089";1081;25;4;7;1117
"Fingal 04/090";778;49;12;43;882
"Fingal 04/091";938;58;12;40;1048
"Fingal 04/092";1335;84;8;17;1444
"Fingal 04/093";1071;27;2;16;1116
"Fingal 04/095";834;37;22;19;912
"Fingal 04/096";815;32;8;32;887
"Fingal 04/097";880;91;14;73;1058
"Fingal 04/098";1048;38;11;13;1110
"Fingal 04/099";1301;81;5;35;1422
"Fingal 04/100";1170;35;6;14;1225
"Fingal 04/101";885;40;10;25;960
"Fingal 04/102";833;65;10;47;955
"Fingal 04/103";1022;46;8;17;1093
"Fingal 04/104";1062;32;7;29;1130
"Fingal 04/105";1087;77;20;42;1226
"Fingal 04/106";1073;97;17;35;1222
"Fingal 04/107";1176;47;9;33;1265
"Fingal 04/108";961;68;12;28;1069
"Fingal 04/109";1090;60;10;33;1193
"Fingal 04/110";1239;63;4;23;1329
"Fingal 04/113";1033;36;8;20;1097
"Fingal 04/114";1068;77;11;35;1191
"Fingal 04/115";995;80;20;16;1111
"Fingal 04/116";1081;60;10;31;1182
"Fingal 04/118";1305;82;19;28;1434
"Fingal 04/119";1021;55;8;43;1127
"Fingal 04/120";907;84;12;44;1047
"Fingal 04/121";1134;74;17;35;1260
"Fingal 04/122";1163;68;13;57;1301
"Fingal 04/123";1019;61;7;24;1111
"Fingal 04/124";1124;46;20;46;1236
"Fingal 04/125";725;71;3;35;834
"Fingal 04/126";1088;39;7;33;1167
"Fingal 04/127";768;88;11;22;889
"Fingal 04/128";1068;51;12;35;1166
"Fingal 04/129";1178;50;1;23;1252
"Fingal 04/130";903;57;20;23;1003
"Fingal 04/148";884;50;8;31;973
"Fingal 04/149";715;60;9;28;812
"Fingal 04/150";864;104;22;71;1061
"Fingal 04/151";869;187;16;122;1194
"Fingal 04/152";375;105;18;78;576
"Fingal 04/153";799;45;4;20;868
"Fingal 04/154";862;53;13;50;978
"Fingal 04/155";1066;50;4;31;1151
"Fingal 04/156";752;122;28;61;963
"Fingal 04/158";1297;73;16;16;1402
"Fingal 04/159";1055;86;21;79;1241
"Fingal 04/160";1031;66;21;57;1175
"Fingal 04/161";868;181;28;42;1119
"Fingal 04/162";985;96;20;39;1140
"Fingal 04/163";1008;77;11;18;1114
"Fingal 04/164";1169;117;29;45;1360
"Fingal 04/165";967;79;23;44;1113
"Fingal 04/166";898;68;8;18;992
"Fingal 04/167";1033;76;27;54;1190
"Fingal 04/168";1009;78;24;63;1174
"Fingal 04/169";980;27;6;23;1036
"Fingal 04/172";489;325;45;39;898
"Fingal 04/174";970;177;45;75;1267
"Fingal 04/176";694;94;14;27;829
"Fingal 04/204";579;72;22;43;716
"Fingal 04/205";1358;186;63;230;1837
"Fingal 04/206";744;102;19;58;923
"Fingal 04/207";1231;25;39;8;1303
"Fingal 04/208";810;56;14;58;938
"Fingal 04/209";626;44;11;23;704
"Fingal 04/210";1047;47;32;30;1156
"Fingal 04/211";541;132;25;71;769
"Fingal 04/213";784;133;39;60;1016
"Fingal 04/214";833;109;42;27;1011
"Fingal 04/215";691;82;15;31;819
"Fingal 04/216";868;83;20;29;1000
"Fingal 04/217";830;87;42;70;1029
"Fingal 04/218";1076;253;61;201;1591
"Fingal 04/219";1200;83;26;57;1366
"Fingal 04/220";996;105;19;38;1158
"Fingal 04/221";81;69;14;34;198
"Fingal 04/223";655;264;49;76;1044
"Fingal 04/224";324;132;25;41;522
"Fingal 04/225";485;451;34;111;1081
"Dún Laoghaire-Rathdown 05 ";158227;12168;2757;5388;178540
"Dún Laoghaire-Rathdown 05/001";765;60;10;44;879
"Dún Laoghaire-Rathdown 05/002";563;77;16;28;684
"Dún Laoghaire-Rathdown 05/003";861;97;26;47;1031
"Dún Laoghaire-Rathdown 05/004";501;66;20;18;605
"Dún Laoghaire-Rathdown 05/005";722;89;24;39;874
"Dún Laoghaire-Rathdown 05/006";958;33;11;29;1031
"Dún Laoghaire-Rathdown 05/007";666;71;40;64;841
"Dún Laoghaire-Rathdown 05/008";917;68;13;47;1045
"Dún Laoghaire-Rathdown 05/009";558;58;20;44;680
"Dún Laoghaire-Rathdown 05/010";712;61;24;37;834
"Dún Laoghaire-Rathdown 05/011";669;68;12;32;781
"Dún Laoghaire-Rathdown 05/012";928;43;10;16;997
"Dún Laoghaire-Rathdown 05/013";565;56;9;41;671
"Dún Laoghaire-Rathdown 05/014";536;52;4;20;612
"Dún Laoghaire-Rathdown 05/015";660;68;8;17;753
"Dún Laoghaire-Rathdown 05/016";504;77;10;29;620
"Dún Laoghaire-Rathdown 05/017";760;91;4;34;889
"Dún Laoghaire-Rathdown 05/018";800;67;15;30;912
"Dún Laoghaire-Rathdown 05/019";568;106;14;80;768
"Dún Laoghaire-Rathdown 05/020";748;62;14;27;851
"Dún Laoghaire-Rathdown 05/021";500;23;4;17;544
"Dún Laoghaire-Rathdown 05/022";714;91;13;56;874
"Dún Laoghaire-Rathdown 05/023";659;60;4;21;744
"Dún Laoghaire-Rathdown 05/024";832;46;12;37;927
"Dún Laoghaire-Rathdown 05/025";388;57;16;36;497
"Dún Laoghaire-Rathdown 05/026";624;48;7;45;724
"Dún Laoghaire-Rathdown 05/027";424;41;12;49;526
"Dún Laoghaire-Rathdown 05/028";781;52;10;23;866
"Dún Laoghaire-Rathdown 05/029";665;30;5;6;706
"Dún Laoghaire-Rathdown 05/030";727;33;9;21;790
"Dún Laoghaire-Rathdown 05/031";825;85;15;17;942
"Dún Laoghaire-Rathdown 05/032";859;56;8;16;939
"Dún Laoghaire-Rathdown 05/033";957;38;2;10;1007
"Dún Laoghaire-Rathdown 05/034";675;52;10;48;785
"Dún Laoghaire-Rathdown 05/035";822;28;2;9;861
"Dún Laoghaire-Rathdown 05/036";900;41;4;22;967
"Dún Laoghaire-Rathdown 05/037";975;20;3;15;1013
"Dún Laoghaire-Rathdown 05/038";820;37;10;20;887
"Dún Laoghaire-Rathdown 05/039";573;35;11;32;651
"Dún Laoghaire-Rathdown 05/040";533;32;15;32;612
"Dún Laoghaire-Rathdown 05/041";583;32;11;12;638
"Dún Laoghaire-Rathdown 05/042";764;67;5;33;869
"Dún Laoghaire-Rathdown 05/043";626;24;2;30;682
"Dún Laoghaire-Rathdown 05/044";893;41;6;20;960
"Dún Laoghaire-Rathdown 05/045";824;43;8;17;892
"Dún Laoghaire-Rathdown 05/046";744;67;22;10;843
"Dún Laoghaire-Rathdown 05/047";736;43;9;18;806
"Dún Laoghaire-Rathdown 05/048";633;29;5;23;690
"Dún Laoghaire-Rathdown 05/049, 05/051";1229;99;23;67;1418
"Dún Laoghaire-Rathdown 05/050";632;49;7;12;700
"Dún Laoghaire-Rathdown 05/052";909;37;4;12;962
"Dún Laoghaire-Rathdown 05/053";832;32;12;30;906
"Dún Laoghaire-Rathdown 05/054";1027;30;9;26;1092
"Dún Laoghaire-Rathdown 05/055";890;70;10;28;998
"Dún Laoghaire-Rathdown 05/056";910;39;1;21;971
"Dún Laoghaire-Rathdown 05/057";645;56;3;22;726
"Dún Laoghaire-Rathdown 05/058";859;58;10;33;960
"Dún Laoghaire-Rathdown 05/059";923;23;2;5;953
"Dún Laoghaire-Rathdown 05/060";1221;50;6;8;1285
"Dún Laoghaire-Rathdown 05/061";1212;56;5;4;1277
"Dún Laoghaire-Rathdown 05/062";1016;52;12;14;1094
"Dún Laoghaire-Rathdown 05/063";1125;61;8;14;1208
"Dún Laoghaire-Rathdown 05/064";1006;22;6;6;1040
"Dún Laoghaire-Rathdown 05/065";923;69;12;45;1049
"Dún Laoghaire-Rathdown 05/066";1112;61;10;14;1197
"Dún Laoghaire-Rathdown 05/067";917;66;18;25;1026
"Dún Laoghaire-Rathdown 05/069";526;246;182;214;1168
"Dún Laoghaire-Rathdown 05/070";954;47;18;17;1036
"Dún Laoghaire-Rathdown 05/071";885;130;34;26;1075
"Dún Laoghaire-Rathdown 05/072";1046;24;9;18;1097
"Dún Laoghaire-Rathdown 05/073";339;141;18;23;521
"Dún Laoghaire-Rathdown 05/074";976;20;5;6;1007
"Dún Laoghaire-Rathdown 05/075";1043;33;13;7;1096
"Dún Laoghaire-Rathdown 05/076";949;20;24;45;1038
"Dún Laoghaire-Rathdown 05/077";936;30;6;21;993
"Dún Laoghaire-Rathdown 05/078";1026;23;10;18;1077
"Dún Laoghaire-Rathdown 05/079";737;22;8;18;785
"Dún Laoghaire-Rathdown 05/080";868;39;12;14;933
"Dún Laoghaire-Rathdown 05/081";918;43;13;15;989
"Dún Laoghaire-Rathdown 05/082";892;42;3;11;948
"Dún Laoghaire-Rathdown 05/083";1069;41;2;15;1127
"Dún Laoghaire-Rathdown 05/084";881;16;7;6;910
"Dún Laoghaire-Rathdown 05/085";1086;54;8;29;1177
"Dún Laoghaire-Rathdown 05/086";797;60;12;20;889
"Dún Laoghaire-Rathdown 05/087";795;44;5;28;872
"Dún Laoghaire-Rathdown 05/088";959;74;13;16;1062
"Dún Laoghaire-Rathdown 05/089";964;35;5;16;1020
"Dún Laoghaire-Rathdown 05/090";1014;57;6;30;1107
"Dún Laoghaire-Rathdown 05/091";881;45;14;26;966
"Dún Laoghaire-Rathdown 05/092";864;62;13;23;962
"Dún Laoghaire-Rathdown 05/093";835;108;38;17;998
"Dún Laoghaire-Rathdown 05/094";1177;73;17;40;1307
"Dún Laoghaire-Rathdown 05/095";873;197;45;69;1184
"Dún Laoghaire-Rathdown 05/096";527;97;17;50;691
"Dún Laoghaire-Rathdown 05/097";915;57;10;39;1021
"Dún Laoghaire-Rathdown 05/098";919;73;6;12;1010
"Dún Laoghaire-Rathdown 05/099";796;68;16;9;889
"Dún Laoghaire-Rathdown 05/100";847;62;15;31;955
"Dún Laoghaire-Rathdown 05/101";670;86;24;35;815
"Dún Laoghaire-Rathdown 05/102";787;43;11;18;859
"Dún Laoghaire-Rathdown 05/103";867;47;7;18;939
"Dún Laoghaire-Rathdown 05/104";789;45;5;17;856
"Dún Laoghaire-Rathdown 05/105";811;74;15;14;914
"Dún Laoghaire-Rathdown 05/106";817;40;12;17;886
"Dún Laoghaire-Rathdown 05/107";884;44;13;14;955
"Dún Laoghaire-Rathdown 05/108";705;92;31;40;868
"Dún Laoghaire-Rathdown 05/109";811;42;10;22;885
"Dún Laoghaire-Rathdown 05/110";674;37;15;49;775
"Dún Laoghaire-Rathdown 05/111";828;41;15;35;919
"Dún Laoghaire-Rathdown 05/112";1034;29;7;27;1097
"Dún Laoghaire-Rathdown 05/113";991;96;11;29;1127
"Dún Laoghaire-Rathdown 05/114";1062;47;8;15;1132
"Dún Laoghaire-Rathdown 05/115";1057;49;4;17;1127
"Dún Laoghaire-Rathdown 05/116";1027;68;3;29;1127
"Dún Laoghaire-Rathdown 05/117";1089;41;4;30;1164
"Dún Laoghaire-Rathdown 05/118";1526;88;16;18;1648
"Dún Laoghaire-Rathdown 05/119";995;50;15;36;1096
"Dún Laoghaire-Rathdown 05/121";1025;65;16;35;1141
"Dún Laoghaire-Rathdown 05/122";1160;66;23;41;1290
"Dún Laoghaire-Rathdown 05/123";878;68;11;46;1003
"Dún Laoghaire-Rathdown 05/126";881;44;14;21;960
"Dún Laoghaire-Rathdown 05/127";976;103;30;47;1156
"Dún Laoghaire-Rathdown 05/128";768;70;17;36;891
"Dún Laoghaire-Rathdown 05/129";850;26;7;16;899
"Dún Laoghaire-Rathdown 05/130";661;50;32;49;792
"Dún Laoghaire-Rathdown 05/131";964;36;4;24;1028
"Dún Laoghaire-Rathdown 05/132";1071;45;12;18;1146
"Dún Laoghaire-Rathdown 05/133";663;73;12;44;792
"Dún Laoghaire-Rathdown 05/134";830;39;3;17;889
"Dún Laoghaire-Rathdown 05/135";903;29;4;12;948
"Dún Laoghaire-Rathdown 05/136";889;45;8;10;952
"Dún Laoghaire-Rathdown 05/137";1010;32;5;19;1066
"Dún Laoghaire-Rathdown 05/138";852;30;9;21;912
"Dún Laoghaire-Rathdown 05/139";910;20;4;15;949
"Dún Laoghaire-Rathdown 05/140";904;22;7;14;947
"Dún Laoghaire-Rathdown 05/141";887;36;7;12;942
"Dún Laoghaire-Rathdown 05/142";804;48;3;14;869
"Dún Laoghaire-Rathdown 05/143";809;42;13;15;879
"Dún Laoghaire-Rathdown 05/144";851;46;10;22;929
"Dún Laoghaire-Rathdown 05/145";816;47;15;27;905
"Dún Laoghaire-Rathdown 05/146";856;43;8;21;928
"Dún Laoghaire-Rathdown 05/147";842;62;14;22;940
"Dún Laoghaire-Rathdown 05/148";887;36;3;16;942
"Dún Laoghaire-Rathdown 05/149";627;27;2;11;667
"Dún Laoghaire-Rathdown 05/150";927;36;7;19;989
"Dún Laoghaire-Rathdown 05/151";783;33;8;18;842
"Dún Laoghaire-Rathdown 05/152";1047;44;4;4;1099
"Dún Laoghaire-Rathdown 05/153";847;41;7;9;904
"Dún Laoghaire-Rathdown 05/154";934;37;6;9;986
"Dún Laoghaire-Rathdown 05/155";815;65;23;18;921
"Dún Laoghaire-Rathdown 05/156";817;31;8;9;865
"Dún Laoghaire-Rathdown 05/157";748;57;10;12;827
"Dún Laoghaire-Rathdown 05/158";564;42;9;14;629
"Dún Laoghaire-Rathdown 05/159";740;51;10;32;833
"Dún Laoghaire-Rathdown 05/160";821;56;16;26;919
"Dún Laoghaire-Rathdown 05/161";770;20;13;9;812
"Dún Laoghaire-Rathdown 05/162";790;67;10;26;893
"Dún Laoghaire-Rathdown 05/163";885;106;32;56;1079
"Dún Laoghaire-Rathdown 05/164";640;122;37;31;830
"Dún Laoghaire-Rathdown 05/165";627;59;15;19;720
"Dún Laoghaire-Rathdown 05/166";801;92;41;32;966
"Dún Laoghaire-Rathdown 05/167";767;56;6;44;873
"Dún Laoghaire-Rathdown 05/168";917;58;8;22;1005
"Dún Laoghaire-Rathdown 05/169";845;14;6;2;867
"Dún Laoghaire-Rathdown 05/170";666;36;11;21;734
"Dún Laoghaire-Rathdown 05/173";992;25;14;12;1043
"Dún Laoghaire-Rathdown 05/174";972;82;11;18;1083
"Dún Laoghaire-Rathdown 05/175";701;83;13;37;834
"Dún Laoghaire-Rathdown 05/176";816;71;6;28;921
"Dún Laoghaire-Rathdown 05/177, 05/178";1427;244;114;146;1931
"Dún Laoghaire-Rathdown 05/179";830;59;8;26;923
"Dún Laoghaire-Rathdown 05/180";543;125;33;76;777
"Dún Laoghaire-Rathdown 05/181";149;117;16;17;299
"Dún Laoghaire-Rathdown 05/182";579;49;11;27;666
"Dún Laoghaire-Rathdown 05/184";958;55;11;16;1040
"Dún Laoghaire-Rathdown 05/185";978;94;15;39;1126
"Dún Laoghaire-Rathdown 05/186";928;31;11;15;985
"Dún Laoghaire-Rathdown 05/187";833;46;16;2;897
"Dún Laoghaire-Rathdown 05/188";873;65;9;45;992
"Dún Laoghaire-Rathdown 05/189";1024;32;11;71;1138
"Dún Laoghaire-Rathdown 05/190";1024;59;5;23;1111
"Dún Laoghaire-Rathdown 05/191";1089;74;23;39;1225
"Dún Laoghaire-Rathdown 05/192";783;41;12;32;868
"Dún Laoghaire-Rathdown 05/193";380;182;32;37;631
"Dún Laoghaire-Rathdown 05/194";820;43;14;21;898
"Dún Laoghaire-Rathdown 05/196";343;63;9;14;429
"Dún Laoghaire-Rathdown 05/197";292;133;39;81;545
"Dún Laoghaire-Rathdown 05/198";386;467;69;84;1006
"Dún Laoghaire-Rathdown 05/200";322;88;11;18;439
"Dún Laoghaire-Rathdown 05/201";628;56;8;23;715
"Dún Laoghaire-Rathdown 05/202";336;195;46;59;636
"Dún Laoghaire-Rathdown 05/203";569;82;14;33;698
"Dún Laoghaire-Rathdown 05/204";784;143;25;38;990
"Dún Laoghaire-Rathdown 05/205";420;298;39;21;778
"Cork City and Suburbs  ";157620;12381;2847;6877;179725
"Cork City 17 ";101056;8259;1942;4755;116012
"Cork City 17/001";696;46;10;17;769
"Cork City 17/002";680;44;13;24;761
"Cork City 17/003";687;48;11;35;781
"Cork City 17/004";550;104;36;84;774
"Cork City 17/005";778;52;26;47;903
"Cork City 17/006, 17/008";1714;42;4;12;1772
"Cork City 17/009";987;20;2;5;1014
"Cork City 17/010";784;37;4;10;835
"Cork City 17/011";831;19;3;1;854
"Cork City 17/012";843;16;2;5;866
"Cork City 17/013";955;106;25;55;1141
"Cork City 17/014";711;79;24;48;862
"Cork City 17/015, 17/124";1639;111;29;68;1847
"Cork City 17/016";942;52;4;18;1016
"Cork City 17/017";748;28;3;25;804
"Cork City 17/018";793;19;4;12;828
"Cork City 17/019";727;10;6;9;752
"Cork City 17/020";872;61;10;17;960
"Cork City 17/021";770;49;19;47;885
"Cork City 17/022";1052;35;4;18;1109
"Cork City 17/023";892;57;9;7;965
"Cork City 17/024";1044;129;27;38;1238
"Cork City 17/025";936;31;5;6;978
"Cork City 17/026";1041;44;9;10;1104
"Cork City 17/027";997;55;3;9;1064
"Cork City 17/028";731;30;5;9;775
"Cork City 17/029";654;79;5;25;763
"Cork City 17/030";999;148;8;18;1173
"Cork City 17/031";1007;68;17;46;1138
"Cork City 17/032";890;59;16;23;988
"Cork City 17/033";840;41;9;18;908
"Cork City 17/034";641;80;24;36;781
"Cork City 17/035";517;68;17;61;663
"Cork City 17/036";712;44;9;20;785
"Cork City 17/037";864;135;46;83;1128
"Cork City 17/038";566;50;16;33;665
"Cork City 17/039";622;22;4;10;658
"Cork City 17/040";482;67;19;48;616
"Cork City 17/041";517;77;12;90;696
"Cork City 17/042";598;37;0;15;650
"Cork City 17/043";663;26;1;7;697
"Cork City 17/044";1020;40;2;12;1074
"Cork City 17/045";785;22;2;9;818
"Cork City 17/046";703;41;16;24;784
"Cork City 17/047";834;59;33;34;960
"Cork City 17/048";791;64;11;44;910
"Cork City 17/049";577;91;22;70;760
"Cork City 17/050";684;14;2;6;706
"Cork City 17/051";608;31;10;17;666
"Cork City 17/052";599;80;10;32;721
"Cork City 17/053";524;117;15;20;676
"Cork City 17/054";553;123;30;23;729
"Cork City 17/055";386;73;21;20;500
"Cork City 17/056,17/007";1258;151;38;62;1509
"Cork City 17/057";1079;109;24;36;1248
"Cork City 17/058";982;48;20;18;1068
"Cork City 17/059";706;44;14;25;789
"Cork City 17/060";768;107;22;31;928
"Cork City 17/061";907;81;17;26;1031
"Cork City 17/062";719;113;45;36;913
"Cork City 17/063";1018;92;19;24;1153
"Cork City 17/064";527;133;68;18;746
"Cork City 17/065";349;63;26;76;514
"Cork City 17/066";690;238;62;75;1065
"Cork City 17/067";492;86;38;41;657
"Cork City 17/068";430;115;24;58;627
"Cork City 17/069";542;151;30;147;870
"Cork City 17/070";457;144;37;123;761
"Cork City 17/071";481;172;29;147;829
"Cork City 17/072";357;48;12;69;486
"Cork City 17/073";690;38;11;51;790
"Cork City 17/074";609;103;16;63;791
"Cork City 17/075";892;25;15;13;945
"Cork City 17/076";1199;25;4;13;1241
"Cork City 17/077";1028;29;1;3;1061
"Cork City 17/078";919;115;0;1;1035
"Cork City 17/079";1110;13;0;2;1125
"Cork City 17/080";804;9;0;5;818
"Cork City 17/081";941;13;1;5;960
"Cork City 17/082";908;23;1;4;936
"Cork City 17/083";749;24;4;4;781
"Cork City 17/084";641;43;2;20;706
"Cork City 17/085";696;50;9;23;778
"Cork City 17/086";783;14;2;7;806
"Cork City 17/087";817;21;0;8;846
"Cork City 17/088";800;22;0;2;824
"Cork City 17/089";664;17;1;15;697
"Cork City 17/090";884;22;2;2;910
"Cork City 17/091";698;42;2;42;784
"Cork City 17/092";602;33;12;50;697
"Cork City 17/093";635;133;34;141;943
"Cork City 17/094";511;24;4;26;565
"Cork City 17/095";695;54;5;50;804
"Cork City 17/096";448;79;35;137;699
"Cork City 17/097";492;82;9;77;660
"Cork City 17/098";680;56;15;31;782
"Cork City 17/099";610;69;20;88;787
"Cork City 17/100";247;54;12;73;386
"Cork City 17/101";495;34;6;16;551
"Cork City 17/102";606;41;11;40;698
"Cork City 17/103";620;25;12;47;704
"Cork City 17/104";451;74;10;87;622
"Cork City 17/105";1358;90;23;30;1501
"Cork City 17/106";1025;20;7;15;1067
"Cork City 17/107";941;51;10;39;1041
"Cork City 17/108";910;41;2;9;962
"Cork City 17/109";855;29;8;19;911
"Cork City 17/110";697;23;2;3;725
"Cork City 17/111";1142;35;1;0;1178
"Cork City 17/112";911;41;4;11;967
"Cork City 17/113";905;59;12;18;994
"Cork City 17/114";928;51;1;9;989
"Cork City 17/115";1088;33;6;30;1157
"Cork City 17/116";1143;36;4;8;1191
"Cork City 17/117";978;24;4;12;1018
"Cork City 17/118";601;133;15;56;805
"Cork City 17/119";705;32;21;32;790
"Cork City 17/120";786;20;0;5;811
"Cork City 17/121";994;13;1;3;1011
"Cork City 17/122";976;48;9;30;1063
"Cork City 17/123";533;70;26;62;691
"Cork City 17/125";904;33;15;14;966
"Cork City 17/126";657;60;12;8;737
"Cork City 17/127";823;252;101;39;1215
"Cork City 17/128";434;131;18;125;708
"Cork City 17/129";648;53;18;38;757
"Cork City 17/130";958;42;4;13;1017
"Cork City 17/131";566;48;12;31;657
"Cork City 17/132";448;106;25;66;645
"Cork City 17/133";572;43;15;67;697
"Cork City 17/134";490;108;24;243;865
"Cork City 17/135";358;153;87;82;680
"Cork Suburbs 18 ";56564;4122;905;2122;63713
"Cork Suburbs 18/184";840;92;8;19;959
"Cork Suburbs 18/185";854;58;12;19;943
"Cork Suburbs 18/186";933;123;6;46;1108
"Cork Suburbs 18/187";983;48;11;22;1064
"Cork Suburbs 18/188";955;63;5;32;1055
"Cork Suburbs 18/189";923;102;12;53;1090
"Cork Suburbs 18/190";1170;46;4;12;1232
"Cork Suburbs 18/191";1081;85;26;58;1250
"Cork Suburbs 18/192";830;35;3;21;889
"Cork Suburbs 18/193";1049;34;3;28;1114
"Cork Suburbs 18/194";1049;64;6;37;1156
"Cork Suburbs 18/196";822;72;8;42;944
"Cork Suburbs 18/197";1114;24;4;12;1154
"Cork Suburbs 18/198";1017;16;7;43;1083
"Cork Suburbs 18/199";697;65;13;39;814
"Cork Suburbs 18/200";554;99;41;58;752
"Cork Suburbs 18/201";1089;50;13;20;1172
"Cork Suburbs 18/202";941;75;22;28;1066
"Cork Suburbs 18/203";1251;66;12;11;1340
"Cork Suburbs 18/204";1007;70;13;24;1114
"Cork Suburbs 18/205";1040;58;11;23;1132
"Cork Suburbs 18/206";921;40;8;8;977
"Cork Suburbs 18/207";881;87;14;37;1019
"Cork Suburbs 18/208";620;110;23;75;828
"Cork Suburbs 18/210";945;16;8;17;986
"Cork Suburbs 18/211";944;37;26;35;1042
"Cork Suburbs 18/212";1040;56;8;25;1129
"Cork Suburbs 18/213";917;66;30;33;1046
"Cork Suburbs 18/214";946;76;18;53;1093
"Cork Suburbs 18/215";1007;83;25;128;1243
"Cork Suburbs 18/220";1040;61;14;70;1185
"Cork Suburbs 18/222";1096;27;8;30;1161
"Cork Suburbs 18/223";1228;52;12;28;1320
"Cork Suburbs 18/225";712;62;16;32;822
"Cork Suburbs 18/226";1163;6;2;5;1176
"Cork Suburbs 18/227";1193;22;4;21;1240
"Cork Suburbs 18/228";1065;40;12;15;1132
"Cork Suburbs 18/229";960;119;3;10;1092
"Cork Suburbs 18/230";1154;57;5;21;1237
"Cork Suburbs 18/296";958;51;6;18;1033
"Cork Suburbs 18/297";907;102;10;44;1063
"Cork Suburbs 18/298";876;56;12;28;972
"Cork Suburbs 18/299";1164;37;10;28;1239
"Cork Suburbs 18/300";832;150;23;31;1036
"Cork Suburbs 18/301";741;74;57;53;925
"Cork Suburbs 18/303";1055;109;16;31;1211
"Cork Suburbs 18/304";1064;58;18;26;1166
"Cork Suburbs 18/306";976;117;14;16;1123
"Cork Suburbs 18/308";1216;50;6;29;1301
"Cork Suburbs 18/316";873;40;7;7;927
"Cork Suburbs 18/317";518;152;64;67;801
"Cork Suburbs 18/322";1009;60;9;21;1099
"Cork Suburbs 18/339";763;75;9;48;895
"Cork Suburbs 18/340";390;120;38;90;638
"Cork Suburbs 18/341";616;85;38;71;810
"Cork Suburbs 18/343";548;89;5;41;683
"Cork Suburbs 18/344";622;43;26;69;760
"Cork Suburbs 18/345";988;89;10;36;1123
"Cork Suburbs 18/346";396;89;31;43;559
"Cork Suburbs 18/347";851;65;19;27;962
"Cork Suburbs 18/348";1170;49;1;8;1228
"Limerick City and Suburbs  ";71343;6567;2965;3667;84542
"Limerick City 20 ";44685;3168;1219;2131;51203
"Limerick City 20/001";960;67;30;20;1077
"Limerick City 20/002";784;30;14;6;834
"Limerick City 20/003";920;34;5;12;971
"Limerick City 20/004";619;81;84;113;897
"Limerick City 20/005";471;82;28;127;708
"Limerick City 20/006";940;70;26;35;1071
"Limerick City 20/007";679;35;23;5;742
"Limerick City 20/008";841;52;5;8;906
"Limerick City 20/009";895;45;5;9;954
"Limerick City 20/010";754;13;6;5;778
"Limerick City 20/011";743;37;5;4;789
"Limerick City 20/013, 20/012";1487;105;33;202;1827
"Limerick City 20/014";679;64;24;78;845
"Limerick City 20/015";678;31;2;3;714
"Limerick City 20/016";870;15;11;2;898
"Limerick City 20/017";515;35;0;5;555
"Limerick City 20/018";729;35;3;6;773
"Limerick City 20/019";543;33;2;0;578
"Limerick City 20/020";905;35;1;3;944
"Limerick City 20/021";698;28;3;0;729
"Limerick City 20/022";728;30;6;3;767
"Limerick City 20/023";819;24;2;5;850
"Limerick City 20/024";427;66;39;17;549
"Limerick City 20/025";545;98;47;140;830
"Limerick City 20/026";703;81;30;27;841
"Limerick City 20/027";861;24;0;2;887
"Limerick City 20/028";796;38;15;6;855
"Limerick City 20/029";641;106;24;44;815
"Limerick City 20/030";855;21;11;15;902
"Limerick City 20/031";844;144;103;40;1131
"Limerick City 20/032";318;69;27;69;483
"Limerick City 20/033";294;46;27;44;411
"Limerick City 20/034";793;66;46;46;951
"Limerick City 20/035";993;69;19;23;1104
"Limerick City 20/036, 20/037";1710;47;35;29;1821
"Limerick City 20/038";893;36;30;12;971
"Limerick City 20/039";945;107;18;26;1096
"Limerick City 20/040";709;70;35;32;846
"Limerick City 20/041, 20/042";1427;69;20;36;1552
"Limerick City 20/043";837;45;4;1;887
"Limerick City 20/044";814;15;4;0;833
"Limerick City 20/045";846;31;10;8;895
"Limerick City 20/046";855;18;3;2;878
"Limerick City 20/047";770;26;1;7;804
"Limerick City 20/048";944;8;1;1;954
"Limerick City 20/049";853;24;7;4;888
"Limerick City 20/050";617;57;25;105;804
"Limerick City 20/051";635;85;34;47;801
"Limerick City 20/052";903;73;27;45;1048
"Limerick City 20/053";1059;44;18;8;1129
"Limerick City 20/054";1171;70;20;15;1276
"Limerick City 20/055";649;144;77;60;930
"Limerick City 20/056";486;73;44;75;678
"Limerick City 20/057";750;45;14;37;846
"Limerick City 20/058";453;127;48;332;960
"Limerick City 20/059";727;88;19;19;853
"Limerick City 20/060";305;57;19;106;487
"Limerick Suburbs 21 ";26658;3399;1746;1536;33339
"Limerick Suburbs 21/080";851;49;7;6;913
"Limerick Suburbs 21/081";796;130;95;12;1033
"Limerick Suburbs 21/082";963;52;13;12;1040
"Limerick Suburbs 21/083";797;42;25;24;888
"Limerick Suburbs 21/084";688;69;21;24;802
"Limerick Suburbs 21/086";740;35;30;37;842
"Limerick Suburbs 21/087";1069;95;29;36;1229
"Limerick Suburbs 21/088";915;58;34;52;1059
"Limerick Suburbs 21/089";1016;83;31;23;1153
"Limerick Suburbs 21/090";981;53;17;31;1082
"Limerick Suburbs 21/091";828;59;35;62;984
"Limerick Suburbs 21/092";700;79;38;45;862
"Limerick Suburbs 21/093";727;103;38;39;907
"Limerick Suburbs 21/097";1102;80;35;29;1246
"Limerick Suburbs 21/098";1158;37;34;14;1243
"Limerick Suburbs 21/099";642;182;72;60;956
"Limerick Suburbs 21/113";779;116;39;44;978
"Limerick Suburbs 21/114";511;97;42;48;698
"Limerick Suburbs 21/115";654;302;195;88;1239
"Limerick Suburbs 21/117";470;271;130;114;985
"Limerick Suburbs 21/119";776;145;59;61;1041
"Limerick Suburbs 21/120";696;88;43;42;869
"Limerick Suburbs 21/123";512;130;36;14;692
"Limerick Suburbs 21/124";600;67;37;29;733
"Limerick Suburbs 21/125";650;121;42;59;872
"Limerick Suburbs 21/126";684;95;88;167;1034
"Limerick Suburbs 21/127";691;78;35;36;840
"Limerick Suburbs 21/128";471;61;21;13;566
"Limerick Suburbs 21/129";792;54;25;52;923
"Limerick Suburbs 21/130";361;131;33;14;539
"Limerick Suburbs 21/131";604;168;76;106;954
"Limerick Suburbs 21/132";326;81;40;48;495
"Limerick Suburbs 21/133";144;117;65;41;367
"Limerick Suburbs in Clare 16/066";489;20;32;5;546
"Limerick Suburbs in Clare 16/068";911;10;35;21;977
"Limerick Suburbs in Clare 16/100";559;32;85;18;694
"Limerick Suburbs in Clare 16/113";1005;9;34;10;1058
"Waterford City and Suburbs  ";41776;2754;1431;1320;47281
"Waterford City 24 ";39381;2661;1174;1231;44447
"Waterford City 24/001";781;91;36;21;929
"Waterford City 24/002";922;38;5;11;976
"Waterford City 24/003";914;23;4;4;945
"Waterford City 24/005";1014;38;21;9;1082
"Waterford City 24/006, 24/004";2091;138;41;35;2305
"Waterford City 24/007";603;55;15;24;697
"Waterford City 24/008";1192;49;22;17;1280
"Waterford City 24/009";966;110;35;36;1147
"Waterford City 24/010";889;46;23;4;962
"Waterford City 24/011";918;47;14;44;1023
"Waterford City 24/012";1033;42;7;12;1094
"Waterford City 24/013";982;54;7;7;1050
"Waterford City 24/014";884;124;26;26;1060
"Waterford City 24/015";696;14;16;19;745
"Waterford City 24/016";620;50;29;63;762
"Waterford City 24/018, 24/017";1251;211;87;130;1679
"Waterford City 24/019";737;27;9;8;781
"Waterford City 24/020";954;34;23;17;1028
"Waterford City 24/021";949;37;15;11;1012
"Waterford City 24/022";982;47;17;19;1065
"Waterford City 24/023";840;23;13;9;885
"Waterford City 24/024";730;14;14;16;774
"Waterford City 24/025";412;44;14;38;508
"Waterford City 24/026";562;70;39;30;701
"Waterford City 24/027";555;46;21;21;643
"Waterford City 24/029, 24/028";1641;168;122;63;1994
"Waterford City 24/030";931;49;12;11;1003
"Waterford City 24/031";958;34;7;26;1025
"Waterford City 24/032";753;25;19;25;822
"Waterford City 24/033";814;72;40;47;973
"Waterford City 24/034";648;37;28;15;728
"Waterford City 24/035";923;89;30;33;1075
"Waterford City 24/036";776;11;6;2;795
"Waterford City 24/037";937;59;17;32;1045
"Waterford City 24/038";652;50;38;77;817
"Waterford City 24/039";874;88;63;46;1071
"Waterford City 24/040";875;21;1;7;904
"Waterford City 24/041";768;38;7;10;823
"Waterford City 24/042";715;41;11;41;808
"Waterford City 24/043";534;24;9;2;569
"Waterford City 24/044";630;59;34;17;740
"Waterford City 24/045";842;28;8;6;884
"Waterford City 24/046";498;117;55;29;699
"Waterford City 24/047";418;77;49;79;623
"Waterford City 24/048";843;67;45;19;974
"Waterford City 24/049";874;35;20;13;942
"Waterford Suburbs 07 ";2395;93;257;89;2834
"Waterford Suburbs in Kilkenny 07/048";974;56;125;29;1184
"Waterford Suburbs in Kilkenny 07/086";687;21;81;32;821
"Waterford Suburbs in Kilkenny 07/087";734;16;51;28;829
"Galway City and Suburbs  ";54223;7619;2942;4125;68909
"Galway City 26 ";54223;7619;2942;4125;68909
"Galway City 26/001";1190;46;7;24;1267
"Galway City 26/002";1078;153;19;43;1293
"Galway City 26/003";798;64;16;40;918
"Galway City 26/004";778;142;41;109;1070
"Galway City 26/005";1177;58;16;22;1273
"Galway City 26/006";794;106;57;130;1087
"Galway City 26/007";661;135;44;95;935
"Galway City 26/008";534;108;43;66;751
"Galway City 26/009";913;98;55;57;1123
"Galway City 26/010, 26/013";1484;175;66;123;1848
"Galway City 26/011";557;47;9;25;638
"Galway City 26/012";724;57;37;51;869
"Galway City 26/014";587;156;76;69;888
"Galway City 26/015";690;78;36;18;822
"Galway City 26/016";838;93;16;30;977
"Galway City 26/017";916;74;44;53;1087
"Galway City 26/018";602;206;99;180;1087
"Galway City 26/019";557;125;67;63;812
"Galway City 26/020";525;160;60;85;830
"Galway City 26/021";545;168;63;85;861
"Galway City 26/022";630;129;49;57;865
"Galway City 26/023";493;100;24;46;663
"Galway City 26/024";630;28;10;19;687
"Galway City 26/025";651;86;30;51;818
"Galway City 26/026";507;92;47;56;702
"Galway City 26/027";549;97;34;75;755
"Galway City 26/028";696;83;14;29;822
"Galway City 26/029";553;68;33;89;743
"Galway City 26/030";745;29;22;15;811
"Galway City 26/031";989;152;44;51;1236
"Galway City 26/032";771;38;8;7;824
"Galway City 26/033";727;124;12;37;900
"Galway City 26/034";532;188;128;31;879
"Galway City 26/035";763;90;30;63;946
"Galway City 26/036";671;107;53;52;883
"Galway City 26/037";764;52;28;36;880
"Galway City 26/038";800;64;11;19;894
"Galway City 26/040";865;90;25;41;1021
"Galway City 26/041, 26/039";1242;144;64;103;1553
"Galway City 26/042";458;105;52;144;759
"Galway City 26/043";843;112;44;86;1085
"Galway City 26/044";963;81;41;29;1114
"Galway City 26/045";926;80;9;27;1042
"Galway City 26/046";842;33;18;22;915
"Galway City 26/047";852;61;14;12;939
"Galway City 26/048";882;41;36;4;963
"Galway City 26/049";814;79;23;45;961
"Galway City 26/050";989;63;27;77;1156
"Galway City 26/051";735;223;92;128;1178
"Galway City 26/052, 26/065";850;130;46;59;1085
"Galway City 26/053";689;122;44;128;983
"Galway City 26/054";690;64;68;52;874
"Galway City 26/055";770;105;51;44;970
"Galway City 26/056";670;95;51;67;883
"Galway City 26/057";885;65;17;19;986
"Galway City 26/058";684;64;26;25;799
"Galway City 26/059";723;56;8;21;808
"Galway City 26/060";669;97;35;58;859
"Galway City 26/061";902;213;86;26;1227
"Galway City 26/062";798;87;25;30;940
"Galway City 26/063";686;98;29;104;917
"Galway City 26/064";441;231;93;69;834
"Galway City 26/066";854;79;31;59;1023
"Galway City 26/067";467;99;38;61;665
"Galway City 26/068";480;146;74;94;794
"Galway City 26/069";468;61;27;14;570
"Galway City 26/070";925;58;34;26;1043
"Galway City 26/071";729;67;18;27;841
"Galway City 26/072";723;139;35;25;922
"Galway City 26/073";535;146;67;109;857
"Galway City 26/074";495;228;42;98;863
"Galway City 26/075";593;96;42;46;777
"Galway City 26/076";667;185;62;45;959
